keyword,category,instagram_caption_preview,blog_title,generated_at,content_status
admit card 2025,Admit Card,ğŸš¨ Attention all aspiring job seekers and exam warriors in India! ğŸš¨ The wait is finally overâ€”admit ca...,Admit Card 2025: Your Complete Guide to Exam Hall Tickets and Important Dates,2025-09-29 07:02:25,Generated
hall ticket download,Admit Card,ğŸš¨ Attention all exam aspirants and job seekers in India! ğŸš¨ The countdown to your big opportunity is ...,How to Download Your Hall Ticket: The Ultimate Guide for Job Seekers,2025-09-29 07:02:57,Generated
ssc admit card,Admit Card,ğŸš¨ Attention all SSC aspirants! ğŸš¨ The wait is overâ€”your #SSCAdmitCard is out! ğŸ“âœ¨ Get ready to shine a...,How to Download Your SSC Admit Card: A Complete Guide for Job Seekers,2025-09-29 07:03:23,Generated
bank po admit card,Admit Card,,Bank PO Admit Card 2023: How to Download and Important Details for Exam Success,2025-09-29 07:04:01,Generated
upsc admit card,Admit Card,ğŸš¨ Attention all UPSC aspirants! The moment you've been waiting for is here â€“ your #UPSCAdmitCard is ...,UPSC Admit Card 2023: How to Download and Important Information for Exam Day,2025-09-29 07:04:30,Generated
railway admit card,Admit Card,"ğŸš†âœ¨ Attention all aspiring railway job contenders! The excitement is real, and so is the deadline! Ma...",Railway Admit Card 2023: Essential Guide for Job Seekers Preparing for Railway Exams,2025-09-29 07:05:04,Generated
police admit card,Admit Card,ğŸš¨ Attention all aspiring police officers! The exciting moment is hereâ€”your #PoliceAdmitCard is out! ...,Police Admit Card 2023: How to Download & Important Tips for Exam Day,2025-09-29 07:05:40,Generated
teacher admit card,Admit Card,ğŸ‰ Attention Aspirants! The much-awaited **Teacher Admit Card** for your upcoming exams is here! ğŸ“šâœ¨ A...,Teacher Admit Card 2023: Essential Guide to Downloading and Preparing for Your Exam,2025-09-29 07:06:11,Generated
result 2025,Result,âœ¨ The wait is almost over! Are you eagerly waiting for your #result2025? ğŸ¯ Your hard work and dedica...,Result 2025: Your Ultimate Guide to Exam Results and Career Opportunities,2025-09-29 07:06:44,Generated
merit list,Result,,Understanding the Merit List: Your Key to Success in Government Exams and Recruitment Results,2025-09-29 07:07:20,Generated
cut off marks,Result,,Understanding Cut Off Marks: A Complete Guide for Job Seekers and Exam Aspirants,2025-09-29 07:08:01,Generated
ssc result,Result,ğŸ‰ The wait is finally over! The highly anticipated #SSCResult is out! ğŸ“œâœ¨ Congratulations to all thos...,Ultimate Guide to Checking Your SSC Result: Important Tips for Job Seekers,2025-09-29 07:08:30,Generated
bank po result,Result,,Bank PO Result 2023: How to Check Your Probationary Officer Exam Outcome,2025-09-29 07:09:08,Generated
upsc result,Result,"ğŸš€ The moment you've been waiting for is here! The #UPSCResult has been announced, and it's time to c...","UPSC Result 2023: Complete Guide to Check, Important Dates, and Next Steps",2025-09-29 07:09:51,Generated
neet result,Result,"ğŸš€ The wait is finally over! NEET result 2023 is out! ğŸ‰ If you've cracked it, huge congratulations to...",NEET Result 2023 | How to Check & What Next for Medical Aspirants,2025-09-29 07:10:26,Generated
jee result,Result,,JEE Result 2023: Important Information for Aspiring Engineers,2025-09-29 07:11:12,Generated
railway result,Result,ğŸš†âœ¨ Attention all railway exam aspirants! The moment you've been waiting for is hereâ€”**Railway Result...,,2025-09-29 07:11:42,Generated
police result,Result,ğŸš¨Attention all police exam aspirants!ğŸš“ The moment you've been waiting for is here â€“ the police resul...,Police Result 2023: How to Check Your Police Exam Results and Next Steps,2025-09-29 07:12:17,Generated
job notification 2025,Job Notification,ğŸš€ Dreaming of your perfect job in 2025? The wait is over! ğŸ”¥ Exciting **job notification 2025** is he...,Job Notification 2025: Your Complete Guide to Latest Job Updates in India,2025-09-29 07:12:44,Generated
recruitment notification,Job Notification,ğŸš€ Ready to kickstart your career? Your dream job might be just a click away! ğŸ“¢ Check out the latest ...,Ultimate Guide to Understanding Recruitment Notification for Job Seekers,2025-09-29 07:13:27,Generated
government job,Job Notification,ğŸš€ Dreaming of a stable and prestigious career? Nowâ€™s your chance! ğŸ¢ The government of India has anno...,Ultimate Guide to Government Jobs: Latest Job Notifications and How to Apply,2025-09-29 07:14:00,Generated
sarkari job,Job Notification,ğŸŒŸ Dreaming of a stable and respected career? It's the perfect time to start your journey with a *sar..., Sarkari Job Notification 2023: How to Apply for Government Jobs in India,2025-09-29 07:14:34,Generated
bank recruitment,Job Notification,ğŸš¨ Attention all aspiring bankers! ğŸš¨ Are you ready to kickstart your career in the banking sector? ğŸ¦âœ¨...,,2025-09-29 07:15:08,Generated
railway job,Job Notification,,Latest Railway Job Notifications 2023: Your Comprehensive Guide to Indian Railways Recruitment,2025-09-29 07:15:42,Generated
police recruitment,Job Notification,,Police Recruitment 2023: Latest Job Notification & How to Apply Successfully,2025-09-29 07:16:21,Generated
teacher recruitment,Job Notification,ğŸ“¢ Dreaming of making a difference through education? Now's your chance! ğŸŒŸ Government and private ins...,Teacher Recruitment 2023: Essential Guide to Latest Job Notifications and Application Tips,2025-09-29 07:17:01,Generated
clerk recruitment,Job Notification,,Clerk Recruitment 2023: Your Complete Guide to Upcoming Job Opportunities,2025-09-29 07:17:41,Generated
officer recruitment,Job Notification,,Officer Recruitment 2023: Comprehensive Guide to Applying for Government Officer Jobs,2025-09-29 07:18:16,Generated
exam notification,Job Notification,ğŸš¨ Attention all aspiring professionals in India! ğŸš¨ Are you ready to take a step closer to your dream...,Exam Notification 2023: The Essential Guide for Job Seekers to Stay Updated on Upcoming Exams,2025-09-29 07:18:44,Generated
